id,urls
8151,http://www.rrbranchi.gov.in
8152,http://www.rrbsecunderabad.nic.in
8153,http://www.rrbsiliguri.org
8154,http://www.rrbthiruvananthapuram.gov.in
8155,http://www.rrcat.gov.in
8156,http://www.rrcbbs.org.in
8157,http://www.rrcer.com
8158,http://www.rrecl.com
8159,http://www.rri.res.in
8160,http://www.rria.nic.in/index.html
8161,http://www.rsacs.in
8162,http://www.rsbb.rajasthan.gov.in
8163,http://www.rsby.gov.in
8164,http://www.rsfcsc.org
8165,http://www.rshrc.rajasthan.gov.in
8166,http://www.rsmcnewdelhi.imd.gov.in
8167,http://www.rsmm.com
8168,http://www.rtopune.info
8169,http://www.rttchyd.bsnl.co.in
8170,http://www.rttcmysore.bsnl.co.in
8171,http://www.rttcnagpur.bsnl.co.in
8172,http://www.rttctvm.bsnl.co.in
8173,http://www.rtu.ac.in
8174,http://www.ruda.rajasthan.gov.in
8175,http://www.ruhsraj.org
8176,http://www.ruraldev.gujarat.gov.in
8177,http://www.ruralworks.org
8178,http://www.rvpn.co.in
8179,http://www.rvskvv.net
8180,http://www.rvunl.com
8181,http://www.rwdjharkhand.in
8182,http://www.rwf.indianrailways.gov.in
8183,http://www.rwp.indianrailways.gov.in
8184,http://www.saap.in
8185,http://www.sabarimala.kerala.gov.in
8186,http://www.sabarmatigas.in
8187,http://www.sadalgatown.mrc.gov.in
8188,http://www.sagar.mp.gov.in
8189,http://www.sagaracity.mrc.gov.in
8190,http://www.saha.ac.in
8191,http://www.sahakara.kar.gov.in
8192,http://www.sahitya-akademi.gov.in
8193,http://www.sahityaacademy.gujarat.gov.in
8194,http://www.sail.co.in
8195,http://www.sainiksatara.org
8196,http://www.sainikschoolamaravathinagar.edu.in
8197,http://www.sainikschoolbhubaneswar.org
8198,http://www.sainikschoolkorukonda.org
8199,http://www.sainikschoolnagrota.com
8200,http://www.sainikschoolpurulia.com
8201,http://www.sainikschoolrewa.ac.in
8202,http://www.sainikschoolsujanpurtira.org
8203,http://www.sainikschooltilaiya.org
8204,http://www.sainikschooltvm.nic.in
8205,http://www.sainikwelfare.gujarat.gov.in
8206,http://www.sainikwelfarekerala.org
8207,http://www.sakshat.ac.in
8208,http://www.salarjungmuseum.in
8209,http://www.salemcorporation.gov.in
8210,http://www.saligramatown.mrc.gov.in
8211,http://www.sameer.gov.in
8212,http://www.sancharika.com
8213,http://www.sand.telangana.gov.in
8214,http://www.sandoortown.mrc.gov.in
8215,http://www.sangrurpolice.in
8216,http://www.sankeshwaratown.mrc.gov.in
8217,http://www.sanskritkerala.gov.in
8218,http://www.santipurmunicipality.in
8219,http://www.sapnet.gov.in
8220,http://www.sarasmilkfed.rajasthan.gov.in
8221,http://www.sardarsarovardam.org
8222,http://www.saundattitown.mrc.gov.in
8223,http://www.saurashtrauniversity.edu
8224,http://www.savanurtown.mrc.gov.in
8225,http://www.sbscet.ac.in
8226,http://www.sbsnagarpolice.com
8227,http://www.sbtebihar.gov.in
8228,http://www.sbtet.telangana.gov.in
8229,http://www.scd.tn.gov.in
8230,http://www.scdd.kerala.gov.in
8231,http://www.scert.kerala.gov.in
8232,http://www.scertorissa.org
8233,http://www.scfbio-iitd.res.in
8234,http://www.scholarshipportal.mp.nic.in
8235,http://www.schooleducation.kar.nic.in
8236,http://www.scienceandsociety-dst.org
8237,http://www.scootersindia.com
8238,http://www.scopegujarat.org
8239,http://www.scopeonline.in
8240,http://www.scr.indianrailways.gov.in
8241,http://www.scscollege.nic.in
8242,http://www.scstkerala.org
8243,http://www.scstrti.in
8244,http://www.sctevtorissa.in
8245,http://www.sctimst.ac.in
8246,http://www.scwgujarat.org
8247,http://www.sczcc.gov.in
8248,http://www.sdasrinagar.com
8249,http://www.sdat.tn.gov.in
8250,http://www.sdct.goa.gov.in
8251,http://www.sdma.kerala.gov.in
8252,http://www.sebi.gov.in
8253,http://www.sebi.gov.in/sebiweb/edifar/edifar.jsp
8254,http://www.sec.goa.gov.in
8255,http://www.sec.kerala.gov.in
8256,http://www.sec.tripura.gov.in
8257,http://www.secr.indianrailways.gov.in
8258,http://www.seedres.in
8259,http://www.sehore.mp.gov.in
8260,http://www.ser.indianrailways.gov.in
8261,http://www.serb.gov.in
8262,http://www.seriwbgov.org
8263,http://www.serp.telangana.gov.in
8264,http://www.serviceonline.gov.in/login.do?state_code=11&OWASP_CSRFTOKEN=281T-LSMG-05E6-MXT2-8FDC-3FV0-KH9B-O2IW
8265,http://www.servicesepc.org
8266,http://www.setwinapgov.org
8267,http://www.sewayojan.org
8268,http://www.sfacindia.com
8269,http://www.sfio.nic.in
8270,http://www.sfri.org
8271,http://www.sggs.ac.in
8272,http://www.sgpgi.ac.in
8273,http://www.sgsyspltut.tn.nic.in
8274,http://www.shar.gov.in
8275,http://www.shc.gujarat.gov.in
8276,http://www.shebox.nic.in
8277,http://www.shidlaghattatown.mrc.gov.in
8278,http://www.shiggaontown.mrc.gov.in
8279,http://www.shikaripuratown.mrc.gov.in
8280,http://www.shimoga.nic.in/zpshimoga
8281,http://www.shimogacity.mrc.gov.in
8282,http://www.shiraguppatown.mrc.gov.in
8283,http://www.shirahattitown.mrc.gov.in
8284,http://www.shivpuri.mp.gov.in
8285,http://www.shoppingfestival.in
8286,http://www.shrc.tn.nic.in
8287,http://www.shriamarnathjishrine.com
8288,http://www.shringeritown.mrc.gov.in
8289,http://www.shsrc.org
8290,http://www.shsrckerala.org
8291,http://www.sicjharkhand.in
8292,http://www.sidco.tn.nic.in
8293,http://www.sidcul.com
8294,http://www.siddapuratown.mrc.gov.in
8295,http://www.sidhi.mp.gov.in
8296,http://www.sietkerala.gov.in
8297,http://www.sihfwrajasthan.com
8298,http://www.sihmct.org
8299,http://www.sihmkerala.com
8300,http://www.sikenvis.nic.in
8301,http://www.sikkim-building.gov.in
8302,http://www.sikkim-culture.gov.in
8303,http://www.sikkim-excise.gov.in
8304,http://www.sikkim-irrigation.gov.in
8305,http://www.sikkim-roadsandbridges.gov.in
8306,http://www.sikkimassembly.org
8307,http://www.sikkimdop.org
8308,http://www.sikkimforest.gov.in
8309,http://www.sikkimgazettes.gov.in
8310,http://www.sikkimipr.org
8311,http://www.sikkimstdc.com
8312,http://www.silkmarkindia.com
8313,http://www.simet.in
8314,http://www.simhapuriuniv.ac.in
8315,http://www.similipal.org
8316,http://www.sindhanurtown.mrc.gov.in
8317,http://www.singhaniauniversity.co.in
8318,http://www.sipard.gov.in
8319,http://www.sipcot.com
8320,http://www.siracity.mrc.gov.in
8321,http://www.sird.tn.nic.in
8322,http://www.sirdmysore.gov.in
8323,http://www.sirdup.in
8324,http://www.sirsicity.mrc.gov.in
8325,http://www.sjda.org
8326,http://www.sjsv.nic.in
8327,http://www.skilldevelopment.gov.in
8328,http://www.skilltraining.tn.gov.in
8329,http://www.skims.ac.in
8330,http://www.skmcccepco.mp.gov.in
8331,http://www.sldccg.com
8332,http://www.sldcmpindia.com
8333,http://www.sldcorissa.org.in
8334,http://www.sliet.ac.in
8335,http://www.slsatripura.in
8336,http://www.smartcitybhubaneswar.gov.in
8337,http://www.smkc.gov.in
8338,http://www.smvdu.net.in
8339,http://www.sndt.ac.in
8340,http://www.socialaudit.telangana.gov.in
8341,http://www.socialdefence.tn.gov.in
8342,http://www.socialsecuritymission.gov.in
8343,http://www.soinakshe.uk.gov.in
8344,http://www.solapurcorporation.gov.in
8345,http://www.somwarpettown.mrc.gov.in
8346,http://www.sorabatown.mrc.gov.in
8347,http://www.sorghum.res.in
8348,http://www.southcoodisha.com
8349,http://www.spabhopal.ac.in
8350,http://www.space-kerala.org
8351,http://www.spaenvis.nic.in
8352,http://www.spamreli.gujarat.gov.in
8353,http://www.spanand.gujarat.gov.in
8354,http://www.spc.tn.gov.in
8355,http://www.spcbsikkim.org
8356,http://www.spd.kerala.gov.in
8357,http://www.spicebioinfo.res.in
8358,http://www.spices.res.in
8359,http://www.spicindia.com
8360,http://www.spmcil.com
8361,http://www.sportsauthorityofindia.gov.in
8362,http://www.sportscouncil.kerala.gov.in
8363,http://www.sportsgoodsindia.org
8364,http://www.sr.indianrailways.gov.in
8365,http://www.srimuktsarsahibpolice.in
8366,http://www.srinivasapuratown.mrc.gov.in
8367,http://www.srirangapatnatown.mrc.gov.in
8368,http://www.ssa.mp.gov.in
8369,http://www.ssa.tn.nic.in
8370,http://www.ssamis.com/web
8371,http://www.ssatripura.com
8372,http://www.ssb.gov.in
8373,http://www.ssbodisha.nic.in
8374,http://www.ssbrectt.gov.in
8375,http://www.ssc-cr.org
8376,http://www.sscac.gov.in
8377,http://www.sscbindia.in
8378,http://www.sscer.org
8379,http://www.sschittorgarh.com
8380,http://www.sscmpr.org
8381,http://www.sscner.org.in
8382,http://www.sscnwr.org
8383,http://www.ssconline.nic.in
8384,http://www.sscsr.gov.in
8385,http://www.sscwr.net
8386,http://www.ssdma.nic.in
8387,http://www.ssghorakhal.org
8388,http://www.sskapurthala.com
8389,http://www.sskunjpura.org
8390,http://www.sslcexamkerala.gov.in
8391,http://www.ssrw.org
8392,http://www.sssc.uk.gov.in
8393,http://www.ssuhs.in
8394,http://www.ssvv.ac.in
8395,http://www.stanleymedicalcollege.ac.in
8396,http://www.statehealthsocietybihar.org
8397,http://www.stationery.kerala.gov.in
8398,http://www.stationeryprinting.tn.gov.in
8399,http://www.stationeryprinting.tn.gov.in/gazette/gazette_list.php
8400,http://www.statistics.rajasthan.gov.in
8401,http://www.stdd.kerala.gov.in
8402,http://www.stic-dst.org
8403,http://www.stp.bsnl.co.in
8404,http://www.stpi.in
8405,http://www.stqc.gov.in
8406,http://www.str.bsnl.co.in
8407,http://www.stscodisha.gov.in
8408,http://www.sua.nic.in
8409,http://www.sulabhenvis.nic.in
8410,http://www.sulliatown.mrc.gov.in
8411,http://www.suniv.ac.in
8412,http://www.supplycokerala.com
8413,http://www.suratdp.gujarat.gov.in
8414,http://www.suratmunicipal.gov.in
8415,http://www.surveyofindia.gov.in
8416,http://www.svbpmeerut.ac.in
8417,http://www.svitvasad.ac.in
8418,http://www.svnirtar.nic.in
8419,http://www.svnit.ac.in
8420,http://www.svpistm.ac.in
8421,http://www.svpnpa.gov.in
8422,http://www.svudde.in
8423,http://www.svuniversity.ac.in
8424,http://www.swabhiman.gov.in
8425,http://www.swaraup.gov.in
8426,http://www.swavlambancard.gov.in
8427,http://www.swd.kerala.gov.in
8428,http://www.swr.indianrailways.gov.in
8429,http://www.sycd.gujarat.gov.in
8430,http://www.tactv.in
8431,http://www.tad.rajasthan.gov.in
8432,http://www.tafcorn.tn.gov.in
8433,http://www.tahdco.tn.gov.in
8434,http://www.takimunicipality.in
8435,http://www.talikotetown.mrc.gov.in
8436,http://www.talimrojgar.gujarat.gov.in
8437,http://www.tamilnadumahalir.org
8438,http://www.tamilnadunursingcouncil.com
8439,http://www.tamilnadupost.nic.in
8440,http://www.tamilnadutourism.org
8441,http://www.tamiluniversity.ac.in
8442,http://www.tamingranites.com
8443,http://www.tamlukmunicipality.org
8444,http://www.tampcol.in
8445,http://www.tancem.com
8446,http://www.tanfed.tn.gov.in
8447,http://www.tangedco.gov.in
8448,http://www.tansacs.in
8449,http://www.tanscst.nic.in
8450,http://www.tantea.co.in
8451,http://www.tantransco.gov.in
8452,http://www.tanuvas.ac.in
8453,http://www.tarikeretown.mrc.gov.in
8454,http://www.tasco.in
8455,http://www.tawdeva.gov.in
8456,http://www.tax.assam.gov.in
8457,http://www.tbc.cg.nic.in
8458,http://www.tcil-india.com
8459,http://www.tcs.tifr.res.in
8460,http://www.tdb.gov.in
8461,http://www.tdil-dc.in
8462,http://www.teaboard.gov.in
8463,http://www.tec.gov.in
8464,http://www.techmotivator.iitm.ac.in
8465,http://www.technopark.org
8466,http://www.tecsok.com
8467,http://www.teda.in
8468,http://www.tejas.gov.in
8469,http://www.tekkalakotetown.mrc.gov.in
8470,http://www.telangana.gov.in
8471,http://www.telanganalegislature.org.in
8472,http://www.telanganalegislature.org.in/web/legislative-council/home
8473,http://www.telanganatourism.gov.in
8474,http://www.telanganauniversity.ac.in
8475,http://www.telecomepc.in
8476,http://www.tenders.tn.gov.in
8477,http://www.tenet.res.in
8478,http://www.terdaltown.mrc.gov.in
8479,http://www.texfed.kerala.gov.in
8480,http://www.textbookcorp.tn.nic.in
8481,http://www.textbooksonline.tn.nic.in
8482,http://www.textiles.kar.nic.in
8483,http://www.textilescommittee.gov.in
8484,http://www.tezu.ernet.in
8485,http://www.tfciltd.com
8486,http://www.tfjbp.bsnl.co.in
8487,http://www.tfkolkata.bsnl.co.in
8488,http://www.tfmumbai.bsnl.co.in
8489,http://www.tfrichhai.bsnl.co.in
8490,http://www.tgnpdcl.in
8491,http://www.tgtwgurukulam.telangana.gov.in
8492,http://www.thane.gov.in
8493,http://www.thanecity.gov.in
8494,http://www.theashokgroup.com
8495,http://www.thiruvalluvaruniversity.ac.in
8496,http://www.thrikkakara.lsgkerala.gov.in
8497,http://www.thsti.res.in
8498,http://www.ticelbiopark.com
8499,http://www.tidc.in
8500,http://www.tidco.com
8501,http://www.tidelpark.com
8502,http://www.tifac.org.in
8503,http://www.tifr.res.in
8504,http://www.tiic.org
8505,http://www.tinxsys.com
8506,http://www.tipturcity.mrc.gov.in
8507,http://www.tiruppurcorporation.com
8508,http://www.tkdl.res.in
8509,http://www.tmc.kerala.gov.in
8510,http://www.tmepma.cgg.gov.in
8511,http://www.tn.gov.in
8512,http://www.tn.gov.in/adoption
8513,http://www.tn.gov.in/coopaudit
8514,http://www.tn.gov.in/crop
8515,http://www.tn.gov.in/dear
8516,http://www.tn.gov.in/dee
8517,http://www.tn.gov.in/deptst
8518,http://www.tn.gov.in/dop
8519,http://www.tn.gov.in/dtp
8520,http://www.tn.gov.in/exwel
8521,http://www.tn.gov.in/hhtk
8522,http://www.tn.gov.in/karuvoolam
8523,http://www.tn.gov.in/kovailibrary
8524,http://www.tn.gov.in/population
8525,http://www.tn.gov.in/rti
8526,http://www.tn.gov.in/schoolsyllabus
8527,http://www.tn.gov.in/serc
8528,http://www.tn.gov.in/slub
8529,http://www.tn.gov.in/ssfc
8530,http://www.tn.gov.in/sta
8531,http://www.tn.gov.in/tamilforensic
8532,http://www.tn.gov.in/tanmag
8533,http://www.tn.gov.in/tcp
8534,http://www.tn.gov.in/tneinm
8535,http://www.tn.gov.in/tnma
8536,http://www.tn.gov.in/tntwb
8537,http://www.tn.gov.in/tsfc
8538,http://www.tn.gov.in/tsunami
8539,http://www.tn.nic.in
8540,http://www.tnagrisnet.tn.gov.in
8541,http://www.tnarasipuratown.mrc.gov.in
8542,http://www.tnarch.gov.in
8543,http://www.tnarchives.tn.gov.in
8544,http://www.tnau.ac.in
8545,http://www.tnbudget.tn.gov.in
8546,http://www.tncsc.tn.gov.in
8547,http://www.tncsf.net.in
8548,http://www.tnd.bsnl.co.in
8549,http://www.tndalu.ac.in
8550,http://www.tndce.in
8551,http://www.tndipr.gov.in
8552,http://www.tndte.com
8553,http://www.tneb.in
8554,http://www.tnebltd.gov.in
8555,http://www.tnega.in
8556,http://www.tnelb.gov.in
8557,http://www.tnenvis.nic.in
8558,http://www.tneo.gov.in
8559,http://www.tneow.gov.in
8560,http://www.tnerc.gov.in
8561,http://www.tnfrs.tn.nic.in
8562,http://www.tngcl.com
8563,http://www.tnhealth.org
8564,http://www.tnhighways.gov.in
8565,http://www.tnhrce.org
8566,http://www.tnhsp.org
8567,http://www.tnidb.tn.gov.in
8568,http://www.tnius.org
8569,http://www.tniuscbe.org
8570,http://www.tniusnews.org
8571,http://www.tnlegalservices.tn.gov.in
8572,http://www.tnmaritime.com
8573,http://www.tnmgrmu.ac.in
8574,http://www.tnmine.tn.nic.in
8575,http://www.tnmsc.com
8576,http://www.tnou.ac.in
8577,http://www.tnpcb.gov.in
8578,http://www.tnpl.com
8579,http://www.tnpolice.gov.in
8580,http://www.tnpowerfinance.com
8581,http://www.tnpsc.gov.in
8582,http://www.tnrajbhavan.gov.in
8583,http://www.tnrd.gov.in
8584,http://www.tnrera.in
8585,http://www.tnsamb.gov.in
8586,http://www.tnscb.org.in
8587,http://www.tnscert.org
8588,http://www.tnschools.gov.in
8589,http://www.tnsec.tn.nic.in
8590,http://www.tnsericulture.gov.in
8591,http://www.tnsic.gov.in
8592,http://www.tnsmallsavings.com
8593,http://www.tnsocialwelfare.org
8594,http://www.tnstc.gov.in
8595,http://www.tnstc.in
8596,http://www.tntdpc.com
8597,http://www.tnuniv.ac.in
8598,http://www.tnuniv.ac.in/tansche.html
8599,http://www.tnusrb.tn.gov.in
8600,http://www.tnvat.gov.in
8601,http://www.tolicahmedabad.gov.in
8602,http://www.townplanning.kerala.gov.in
8603,http://www.tracocable.com
8604,http://www.trai.gov.in
8605,http://www.travancoretitanium.com
8606,http://www.trdi.mp.gov.in
8607,http://www.treda.nic.in
8608,http://www.tribalportal.mp.nic.in
8609,http://www.trichycorporation.gov.in
8610,http://www.tripurabamboo.com
8611,http://www.tripurajica.com
8612,http://www.tripurauniv.in
8613,http://www.trivandrum.gov.in
8614,http://www.tropmet.res.in
8615,http://www.tspolice.gov.in
8616,http://www.tspr.gov.in
8617,http://www.tspsc.gov.in
8618,http://www.tstdc.in
8619,http://www.tsts.telangana.gov.in
8620,http://www.ttdconline.com
8621,http://www.tte.delhigovt.nic.in
8622,http://www.tumkurcity.mrc.gov.in
8623,http://www.turuvekeretown.mrc.gov.in
8624,http://www.tvmcitypolice.gov.in
8625,http://www.tvpm.stpi.in
8626,http://www.twadboard.gov.in
8627,http://www.txcindia.gov.in
8628,http://www.u-sac.in
8629,http://www.uafdc.in
8630,http://www.uasacs.org
8631,http://www.uasbangalore.edu.in
8632,http://www.uasraichur.edu.in
8633,http://www.uau.ac.in
8634,http://www.ubs.puchd.ac.in
8635,http://www.ucil.gov.in
8636,http://www.ucms.ac.in
8637,http://www.udd.gujarat.gov.in
8638,http://www.uddkar.gov.in
8639,http://www.uddngl.nic.in
8640,http://www.udh.rajasthan.gov.in
8641,http://www.udupicity.mrc.gov.in
8642,http://www.uerc.gov.in
8643,http://www.ugb.ac.in
8644,http://www.ugc.ac.in
8645,http://www.ugc.ac.in/deb
8646,http://www.ugcascmysore.ac.in
8647,http://www.ugcascru.org
8648,http://www.ugvcl.com
8649,http://www.uhbvn.com
8650,http://www.uidai.gov.in
8651,http://www.uiet.puchd.ac.in
8652,http://www.uiic.co.in
8653,http://www.uird.in
8654,http://www.ujala.gov.in
8655,http://www.ukapmb.org
8656,http://www.ukdisasterrecovery.in
8657,http://www.ukhfws.org
8658,http://www.ukpr.gov.in
8659,http://www.uldb.org
8660,http://www.umang.gov.in
8661,http://www.umc.gov.in
8662,http://www.umed.in
8663,http://www.uni-mysore.ac.in
8664,http://www.unigoa.ac.in
8665,http://www.unigoa.ac.in/academic_staff_colleges.php
8666,http://www.unipune.ac.in
8667,http://www.unishivaji.ac.in
8668,http://www.university.gen.in
8669,http://www.unom.ac.in
8670,http://www.uohyd.ac.in
8671,http://www.upacademy.org
8672,http://www.upavp.com
8673,http://www.upbsn.org
8674,http://www.upcl.org
8675,http://www.updgme.in
8676,http://www.updi.in
8677,http://www.upe.bsnl.co.in
8678,http://www.upefa.com
8679,http://www.upenvis.nic.in
8680,http://www.uperc.org
8681,http://www.upes.ac.in
8682,http://www.upexcise.in
8683,http://www.upexport.in
8684,http://www.upfcindia.com
8685,http://www.upforestcorporation.co.in
8686,http://www.upjn.org
8687,http://www.upkvib.gov.in
8688,http://www.upmededu.gov.in
8689,http://www.upmsme.in
8690,http://www.uppbpb.gov.in
8691,http://www.uppcb.com
8692,http://www.uppcf.org
8693,http://www.uppcl.org
8694,http://www.uppsc.org.in
8695,http://www.uprnn.co.in
8696,http://www.uprrda.org
8697,http://www.uprtou.ac.in
8698,http://www.uprvunl.org
8699,http://www.upsc.gov.in
8700,http://www.upsessb.org
8701,http://www.upsha.in
8702,http://www.upsidc.com
8703,http://www.upsports.gov.in
8704,http://www.upsrtc.com
8705,http://www.upsugarfed.org
8706,http://www.uptransport.org
8707,http://www.uptti.ac.in
8708,http://www.upvetuniv.edu.in
8709,http://www.upw.bsnl.co.in
8710,http://www.urbanodisha.gov.in
8711,http://www.urdip.res.in
8712,http://www.usof.gov.in
8713,http://www.utrenvis.nic.in
8714,http://www.uttarakhandirrigation.com
8715,http://www.uttarakhandjalvidyut.com
8716,http://www.uttaranchal.bsnl.co.in
8717,http://www.uuhf.ac.in
8718,http://www.uusdip.org
8719,http://www.vaccinehaffkine.com
8720,http://www.vamnicom.gov.in
8721,http://www.vas.bsnl.co.in
8722,http://www.vastuvidyagurukulam.com
8723,http://www.vbuhazaribag.co.in
8724,http://www.vci.nic.in
8725,http://www.vdavns.org
8726,http://www.vecc.gov.in
8727,http://www.vetbifguwahati.ernet.in
8728,http://www.vfpck.org
8729,http://www.vgecg.ac.in
8730,http://www.vhse.kerala.gov.in
8731,http://www.victers.itschool.gov.in
8732,http://www.victoriamemorial-cal.org
8733,http://www.vigeye.org
8734,http://www.vigeyegpms.in
8735,http://www.vigyanprasar.gov.in
8736,http://www.vijayapuratown.mrc.gov.in
8737,http://www.vimukti.gov.in
8738,http://www.virajpettown.mrc.gov.in
8739,http://www.vismuseum.gov.in
8740,http://www.visva-bharati.ac.in
8741,http://www.vitcblr.org
8742,http://www.vizagsteel.com
8743,http://www.vlab.co.in
8744,http://www.vmmc-sjh.nic.in
8745,http://www.vmou.ac.in
8746,http://www.vnit.ac.in
8747,http://www.vnsgulibrary.org
8748,http://www.vsez.gov.in
8749,http://www.vssc.gov.in
8750,http://www.vssut.ac.in
8751,http://www.vtu.ac.in
8752,http://www.vvgnli.gov.in
8753,http://www.vyapam.nic.in
8754,http://www.waditown.mrc.gov.in
8755,http://www.wakf.gov.in
8756,http://www.waterresources-ju.org
8757,http://www.watershed.nic.in
8758,http://www.wb.bsnl.co.in
8759,http://www.wbadmip.org
8760,http://www.wbagrimarketingboard.gov.in
8761,http://www.wbbpe.org
8762,http://www.wbbse.org
8763,http://www.wbcsc.ac.in
8764,http://www.wbcw.org
8765,http://www.wberc.gov.in
8766,http://www.wbfdc.com
8767,http://www.wbfpihgov.in
8768,http://www.wbhealth.gov.in
8769,http://www.wbhealth.gov.in/wbsapcs
8770,http://www.wbhidcoltd.com
8771,http://www.wbidc.com
8772,http://www.wbifms.gov.in
8773,http://www.wbiidc.org
8774,http://www.wbja.nic.in
8775,http://www.wbkvib.org.in
8776,http://www.wblc.gov.in
8777,http://www.wbmdfc.org
8778,http://www.wbmsc.gov.in
8779,http://www.wbnsou.ac.in
8780,http://www.wbpcb.gov.in
8781,http://www.wbpdcl.co.in
8782,http://www.wbphed.gov.in
8783,http://www.wbpspm.gov.in
8784,http://www.wbpublibnet.gov.in
8785,http://www.wbseb.gov.in
8786,http://www.wbsed.gov.in
8787,http://www.wbsedcl.in
8788,http://www.wbsetcl.in
8789,http://www.wbslsa.org
8790,http://www.wbssc.gov.in
8791,http://www.wbsubregistration.org
8792,http://www.wbtourism.gov.in
8793,http://www.wbuafscl.ac.in
8794,http://www.wbuhs.ac.in
8795,http://www.wburbandev.gov.in
8796,http://www.wbut.ac.in
8797,http://www.wbvc.in
8798,http://www.wbyouthservices.in
8799,http://www.wcr.indianrailways.gov.in
8800,http://www.webscte.org
8801,http://www.weights.delhigovt.nic.in
8802,http://www.wescoodisha.com
8803,http://www.westbengalssc.com
8804,http://www.westgodavari.ap.gov.in
8805,http://www.wihg.res.in
8806,http://www.wii.gov.in
8807,http://www.wodcodisha.nic.in
8808,http://www.womenscollege.nic.in
8809,http://www.worksodisha.gov.in
8810,http://www.wpc.dot.gov.in
8811,http://www.wr.indianrailways.gov.in
8812,http://www.wrd.tn.gov.in
8813,http://www.wriindia.com
8814,http://www.wrldc.in
8815,http://www.wrpc.gov.in
8816,http://www.wwfenvis.nic.in
8817,http://www.yadgirtown.mrc.gov.in
8818,http://www.yelandurtown.mrc.gov.in
8819,http://www.yellapuratown.mrc.gov.in
8820,http://www.yhmysore.com
8821,http://www.zerolandless.kerala.gov.in
8822,http://www.zietbbsr.org
8823,http://www.zpdavangere.kar.nic.in
8824,http://www.zpkarwar.kar.nic.in
8825,http://www.zpkolhapur.gov.in
8826,http://www.zpnanded.in
8827,http://www.zpraigad.maharashtra.gov.in
8828,http://www.zpshahdol.nic.in
8829,http://www.zpsindhudurg.maharashtra.gov.in
8830,http://yac.bih.nic.in
8831,http://yadadri.telangana.gov.in
8832,http://yadgir.nic.in
8833,http://yamunanagar.haryanapolice.gov.in
8834,http://yamunanagar.nic.in
8835,http://yas.gov.in
8836,http://yas.gov.in/sports
8837,http://yas.tripura.gov.in
8838,http://yasmanipur.gov.in
8839,http://yatradham.gujarat.gov.in
8840,http://yavatmal.nic.in
8841,http://yogamdniy.nic.in
8842,http://yojana.gov.in
8843,http://zietmumbai.gov.in
8844,http://zietmysore.org
8845,http://zjdgft.tn.nic.in
8846,http://zotax.nic.in
8847,http://zpamravati.gov.in
8848,http://zpashoknagar.nic.in
8849,http://zpbalaghat.nic.in
8850,http://zpbelgaum.kar.nic.in
8851,http://zpbhopal.nic.in
8852,http://zpchhindwara.nic.in
8853,http://zpd7icar.nic.in
8854,http://zpdatia.nic.in
8855,http://zpdewas.nic.in
8856,http://zpdviii.gov.in
8857,http://zpgondia.gov.in
8858,http://zpindore.nic.in
8859,http://zpjalgaon.gov.in
8860,http://zpkanker.gov.in
8861,http://zplatur.gov.in
8862,http://zpmidwest.org
8863,http://zppalghar.gov.in
8864,http://zpraichur.kar.nic.in
8865,http://zprajnandgaon.gov.in
8866,http://zpratnagiri.gov.in
8867,http://zps24pgs.gov.in
8868,http://zpsheopur.nic.in
8869,http://zpsolapur.gov.in
8870,http://zpyadgir.gov.in
8871,http://zpyavatmal.gov.in
8872,http://zsi.gov.in
8873,http://zsienvis.nic.in
8874,http://zsilibraries.nic.in
8875,http://zunheboto.nic.in
8876,https://aadhaar.maharashtra.gov.in
8877,https://aaplesarkar.mahaonline.gov.in
8878,https://aaplesarkar.maharashtra.gov.in
8879,https://abnhpm.gov.in
8880,https://accountingonline.gov.in
8881,https://ahd.maharashtra.gov.in
8882,https://ahvety.mizoram.gov.in
8883,https://aktu.ac.in
8884,https://amaravati.gov.in
8885,https://amc.mizoram.gov.in
8886,https://anjaw.nic.in
8887,https://anyror.gujarat.gov.in
8888,https://apepdcl.gov.in
8889,https://apsacs.in
8890,https://araria.nic.in
8891,https://ariyalur.nic.in
8892,https://arthwahini.mahakosh.gov.in
8893,https://arunachaltenders.gov.in
8894,https://arunachaltransport.nic.in
8895,https://arwal.nic.in
8896,https://assamtenders.gov.in
8897,https://atma.gujarat.gov.in
8898,https://aurangabad.bih.nic.in
8899,https://banka.nic.in
8900,https://bdoeld.mizoram.gov.in
8901,https://beams.mahakosh.gov.in
8902,https://beeindia.gov.in
8903,https://begusarai.nic.in
8904,https://bhagalpur.nic.in
8905,https://bharatkeveer.gov.in
8906,https://bharatkosh.gov.in
8907,https://bhojpur.nic.in
8908,https://bokaro.nic.in
8909,https://btm.gujarat.gov.in
8910,https://btp.gov.in
8911,https://buxar.nic.in
8912,https://cbec-gst.gov.in
8913,https://cdlkasauli.gov.in
8914,https://cdm.ap.nic.in
8915,https://cenjows.gov.in
8916,https://ceo.gujarat.gov.in
8917,https://cgculture.in
8918,https://cgm.gujarat.gov.in
8919,https://changlang.nic.in
8920,https://chattrapatishivajimemorial.maharashtra.gov.in
8921,https://chennai.nic.in
8922,https://citizenportal-op.gov.in
8923,https://cloud.gov.in
8924,https://cmonline.mizoram.gov.in
8925,https://coal.gov.in
8926,https://coalindiatenders.gov.in
8927,https://cochinmunicipalcorporation.kerala.gov.in
8928,https://coe.maharashtra.gov.in
8929,https://coimbatore.nic.in
8930,https://cpcletenders.nic.in
8931,https://crda.ap.gov.in
8932,https://csc.gov.in
8933,https://csr.gov.in
8934,https://cuddalore.nic.in
8935,https://cultural.maharashtra.gov.in
8936,https://cybercrime.gov.in
8937,https://cybertreasury.gujarat.gov.in
8938,https://darbhanga.nic.in
8939,https://dbtbharat.gov.in
8940,https://dcps.mahakosh.gov.in
8941,https://dee.assam.gov.in
8942,https://defproc.gov.in
8943,https://dgipr.maharashtra.gov.in
8944,https://dgmr.mizoram.gov.in
8945,https://dgsndtenders.gov.in
8946,https://dharmapuri.nic.in
8947,https://dhs.assam.gov.in
8948,https://dhte.mizoram.gov.in
8949,https://dibangvalley.nic.in
8950,https://digidhan.mygov.in
8951,https://digidhanlucky.mygov.in
8952,https://digitallocker.gov.in
8953,https://digitizeindia.gov.in
8954,https://diksha.gov.in
8955,https://dindigul.nic.in
8956,https://dit.bihar.gov.in
8957,https://dmr.mizoram.gov.in
8958,https://dol.maharashtra.gov.in
8959,https://eaadhaar.uidai.gov.in
8960,https://eadmission.cipet.gov.in
8961,https://eastchamparan.nic.in
8962,https://eastgodavari.nic.in
8963,https://eastkameng.nic.in
8964,https://eastsiang.nic.in
8965,https://ecltenders.nic.in
8966,https://edisha.gov.in
8967,https://edistrict.cgstate.gov.in
8968,https://edistrict.gov.in
8969,https://edistrict.kerala.gov.in
8970,https://edistrict.mizoram.gov.in/eDistrict
8971,https://edistrict.wb.gov.in
8972,https://edistrict.wb.gov.in/PACE/login.do
8973,https://edistrictdd.gov.in
8974,https://edistrictdnh.gov.in/en
8975,https://education.maharashtra.gov.in
8976,https://egov.goa.nic.in/dslr
8977,https://egovmobileapps.nic.in
8978,https://egovtraining.maharashtra.gov.in
8979,https://egreetings.gov.in
8980,https://elementary.assam.gov.in
8981,https://enivesh.gov.in
8982,https://enterpriseindia.gov.in
8983,https://epramaan.gov.in
8984,https://eproc-nicsi.nic.in
8985,https://eproc.cgstate.gov.in
8986,https://eproc.rajasthan.gov.in
8987,https://erode.nic.in
8988,https://esamarth.gov.in
8989,https://esearchigr.maharashtra.gov.in
8990,https://etenders.hry.nic.in
8991,https://etenders.kerala.gov.in
8992,https://etribal.maharashtra.gov.in
8993,https://ewaybillgst.gov.in
8994,https://excise.mizoram.gov.in
8995,https://fcraonline.gov.in
8996,https://fcsca.mizoram.gov.in
8997,https://fda.maharashtra.gov.in
8998,https://fdawhogmp.maharashtra.gov.in
8999,https://fed.gujarat.gov.in
9000,https://finance-jharkhand.gov.in
9001,https://finance.assam.gov.in
9002,https://finance.telangana.gov.in
9003,https://fisheries.mizoram.gov.in
9004,https://fisheries.utl.gov.in
9005,https://forensic.mizoram.gov.in
9006,https://gad.maharashtra.gov.in
9007,https://gad.mizoram.gov.in
9008,https://gaestate.in
9009,https://ganc.mizoram.gov.in
9010,https://garvigurjari.gujarat.gov.in
9011,https://gaya.nic.in
9012,https://gazetteers.maharashtra.gov.in
9013,https://gem.gov.in
9014,https://gepg.nic.in
9015,https://gidc.gujarat.gov.in
9016,https://gmda.assam.gov.in
9017,https://gopalganj.nic.in
9018,https://gras.mahakosh.gov.in
9019,https://grievances.maharashtra.gov.in
9020,https://gswc.gujarat.gov.in/index.htm
9021,https://guj-epd.gujarat.gov.in
9022,https://gujrera.gujarat.gov.in
9023,https://gujsail.gujarat.gov.in
9024,https://gurugram.gov.in
9025,https://gusheel.gujarat.gov.in/index.htm
9026,https://haj.gujarat.gov.in
9027,https://haryanaeprocurement.gov.in
9028,https://haryanaindustries.gov.in
9029,https://health.mizoram.gov.in
9030,https://healthnriregistration.maharashtra.gov.in
9031,https://highereducation.assam.gov.in
9032,https://housing.maharashtra.gov.in
9033,https://hptenders.gov.in
9034,https://idmla.guj.nic.in
9035,https://ifp.gujarat.gov.in
9036,https://igrmahhelpline.gov.in
9037,https://iib.gov.in
9038,https://iiserb.ac.in
9039,https://incometaxindiaefiling.gov.in
9040,https://incometaxrajasthan.gov.in
9041,https://indiamaps.gov.in
9042,https://infrastructureindia.gov.in
9043,https://iocletenders.nic.in
9044,https://irrigation.assam.gov.in
9045,https://irrigation.mizoram.gov.in
9046,https://itanagar.nic.in
9047,https://itiaizawl.mizoram.gov.in
9048,https://jamui.nic.in
9049,https://jdhemumbai.maharashtra.gov.in
9050,https://jeeadv.ac.in
9051,https://jeecup.nic.in
9052,https://jeevanpramaan.gov.in
9053,https://jehanabad.nic.in
9054,https://jharkhandtenders.gov.in
9055,https://jk.gov.in
9056,https://jk.gov.in/jkeservices/home.action
9057,https://jkbocw.gov.in
9058,https://jkepfo.gov.in
9059,https://jktenders.gov.in
9060,https://kaimur.nic.in
9061,https://kancheepuram.nic.in
9062,https://kanniyakumari.nic.in
9063,https://karaikal.gov.in
9064,https://karur.nic.in
9065,https://katihar.nic.in
9066,https://kcrkit.telangana.gov.in
9067,https://kerala.gov.in
9068,https://kerala.gov.in/personnel-administrative-reforms
9069,https://keralaadministrativetribunal.gov.in
9070,https://khagaria.nic.in
9071,https://kheloindia.gov.in
9072,https://kishanganj.nic.in
9073,https://kradaadi.nic.in
9074,https://krishnagiri.nic.in
9075,https://kurungkumey.nic.in
9076,https://lakhisarai.nic.in
9077,https://legalservices.maharashtra.gov.in
9078,https://lj.maharashtra.gov.in
9079,https://localization.gov.in
9080,https://lohit.nic.in
9081,https://longding.nic.in
9082,https://lowersubansiri.nic.in
9083,https://madc.maharashtra.gov.in
9084,https://madhepura.nic.in
9085,https://madurai.nic.in
9086,https://mahadbt.gov.in
9087,https://mahaepos.gov.in
9088,https://mahaeschol.maharashtra.gov.in
9089,https://mahakosh.maharashtra.gov.in
9090,https://mahalfa.maharashtra.gov.in
9091,https://mahampsc.mahaonline.gov.in
9092,https://maharashtra.etenders.in
9093,https://mahasahakar.maharashtra.gov.in
9094,https://mahasdb.maharashtra.gov.in
9095,https://mahasec.maharashtra.gov.in
9096,https://mahatenders.gov.in
9097,https://mahe.gov.in
9098,https://mamco.mizoram.gov.in
9099,https://manav.gov.in
9100,https://manipurtenders.gov.in
9101,https://mapservice.gov.in
9102,https://mat.maharashtra.gov.in
9103,https://mczma.gov.in
9104,https://mdd.maharashtra.gov.in
9105,https://meghalayatenders.gov.in
9106,https://mgov.gov.in
9107,https://mhada.maharashtra.gov.in
9108,https://mizoram.gov.in
9109,https://mizoramtenders.gov.in
9110,https://mobileseva.gov.in
9111,https://moprngo.gov.in
9112,https://mpag.mp.gov.in
9113,https://mptax.mp.gov.in
9114,https://msits.gov.in
9115,https://msmeonline1.py.gov.in/msmeonline
9116,https://msrtc.maharashtra.gov.in
9117,https://mssidc.maharashtra.gov.in
9118,https://munger.nic.in
9119,https://muzaffarpur.nic.in
9120,https://my.msme.gov.in
9121,https://nacwc.nic.in
9122,https://nagalandtenders.gov.in
9123,https://nalanda.nic.in
9124,https://namakkal.nic.in
9125,https://namsai.nic.in
9126,https://nationalinsuranceindia.nic.co.in
9127,https://nawada.bih.nic.in
9128,https://ncog.gov.in
9129,https://ndmc.gov.in
9130,https://nilgiris.nic.in
9131,https://nise.res.in
9132,https://nlup.mizoram.gov.in
9133,https://nuh.gov.in
9134,https://ocamp.gov.in
9135,https://odishatax.gov.in
9136,https://onlineap.meeseva.gov.in/CitizenPortal/UserInterface/Citizen/Home.aspx
9137,https://onlineservices.tin.egov-nsdl.com/etaxnew
9138,https://onlinetg.meeseva.gov.in/CitizenPortal/UserInterface/Citizen/OnlineLoginForm.aspx
9139,https://openforge.gov.in
9140,https://pa.maharashtra.gov.in
9141,https://papumpare.nic.in
9142,https://parachutekanpur.gov.in
9143,https://patna.nic.in
9144,https://perambalur.nic.in
9145,https://pmc.gov.in
9146,https://pmfby.gov.in
9147,https://pmnrf.gov.in
9148,https://pmrpy.gov.in
9149,https://portal.otc.nic.in
9150,https://ppp.cgg.gov.in
9151,https://puducherry-dt.gov.in
9152,https://pudukkottai.nic.in
9153,https://purnea.nic.in
9154,https://pwd.maharashtra.gov.in
9155,https://rajasthan.gov.in/Pages/default.aspx
9156,https://rajbhavan.mizoram.gov.in
9157,https://rajexcise.gov.in
9158,https://ramanathapuram.nic.in
9159,https://ranchi.nic.in
9160,https://rdd.maharashtra.gov.in
9161,https://recruitment.nic.in
9162,https://registry.gov.in
9163,https://rera.goa.gov.in/reraApp
9164,https://resident.uidai.gov.in
9165,https://rfd.maharashtra.gov.in
9166,https://rgstc.maharashtra.gov.in
9167,https://rmsa.mizoram.gov.in
9168,https://rohtas.nic.in
9169,https://roing.nic.in
9170,https://rpsconline.rajasthan.gov.in
9171,https://rtionline.gov.in
9172,https://rtionline.maharashtra.gov.in
9173,https://sad.assam.gov.in
9174,https://sahakarayukta.maharashtra.gov.in
9175,https://saharsa.nic.in
9176,https://sainikwr.mizoram.gov.in
9177,https://salem.nic.in
9178,https://samastipur.nic.in
9179,https://saran.nic.in
9180,https://scert.assam.gov.in
9181,https://sdis.gov.in
9182,https://sevaarth.mahakosh.gov.in
9183,https://sgnp.maharashtra.gov.in
9184,https://sgsu.gujarat.gov.in
9185,https://sheikhpura.nic.in
9186,https://sheohar.nic.in
9187,https://shramsuvidha.gov.in
9188,https://sikkim.data.gov.in
9189,https://sikkimtender.gov.in
9190,https://singareni-tenders.gov.in
9191,https://sitamarhi.nic.in
9192,https://sivaganga.nic.in
9193,https://siwan.nic.in
9194,https://sjms.rajasthan.gov.in
9195,https://sldc.mizoram.gov.in
9196,https://socialwelfare.assam.gov.in
9197,https://southandaman.nic.in
9198,https://startupmission.kerala.gov.in
9199,https://startupodisha.gov.in
9200,https://stcmis.gov.in
9201,https://supaul.nic.in
9202,https://swan.mizoram.gov.in
9203,https://swayam.gov.in
9204,https://swayamprabha.gov.in
9205,https://tarangsanchar.gov.in
9206,https://tawang.nic.in
9207,https://tender.eprocurement.gov.in
9208,https://tenders.ori.nic.in
9209,https://tendersodisha.gov.in
9210,https://thanjavur.nic.in
9211,https://theni.nic.in
9212,https://thoothukudi.nic.in
9213,https://thulasi.psc.kerala.gov.in
9214,https://tin.tin.nsdl.com/oltas
9215,https://tin.tin.nsdl.com/oltas/refundstatuslogin.html
9216,https://tirap.nic.in
9217,https://tiruchirappalli.nic.in
9218,https://tirunelveli.nic.in
9219,https://tiruppur.nic.in
9220,https://tiruvallur.nic.in
9221,https://tiruvannamalai.nic.in
9222,https://tiruvarur.nic.in
9223,https://tmc.gov.in
9224,https://tnhorticulture.tn.gov.in/horti
9225,https://tnregipayment.gov.in
9226,https://tnschools.gov.in
9227,https://tnsdma.tn.gov.in
9228,https://tntenders.gov.in
9229,https://tourism.assam.gov.in
9230,https://trafficpolicemumbai.maharashtra.gov.in
9231,https://transformingindia.mygov.in
9232,https://transport.mizoram.gov.in
9233,https://treasury.telangana.gov.in
9234,https://tripuratenders.gov.in
9235,https://udyogaadhaar.gov.in
9236,https://uktenders.gov.in
9237,https://unifiedportal-mem.epfindia.gov.in
9238,https://uppersiang.nic.in
9239,https://uppolice.gov.in
9240,https://upsconline.nic.in
9241,https://upsee.nic.in
9242,https://utconline.uk.gov.in
9243,https://vahan.nic.in
9244,https://vairengte.mizoram.gov.in
9245,https://vaishali.nic.in
9246,https://vellore.nic.in
9247,https://vigilance.kerala.gov.in
9248,https://vigilance.mizoram.gov.in
9249,https://viluppuram.nic.in
9250,https://virudhunagar.nic.in
9251,https://visitorpass.maharashtra.gov.in
9252,https://vizianagaram.nic.in
9253,https://vmc.gov.in
9254,https://water.maharashtra.gov.in
9255,https://wb.gov.in
9256,https://wb.gov.in/portal/web/guest/information-and-cultural-affairs
9257,https://wbhealthscheme.gov.in
9258,https://wbhousing.gov.in
9259,https://wbmsme.gov.in/cmsdirectoratelist
9260,https://wbsaboojsathi.gov.in
9261,https://wbshopsonline.in
9262,https://wbtenders.gov.in
9263,https://wdra.gov.in
9264,https://wep.gov.in
9265,https://westchamparan.nic.in
9266,https://westkameng.nic.in
9267,https://westsiang.nic.in
9268,https://womenpolytechnic.mizoram.gov.in
9269,https://wrd.maharashtra.gov.in
9270,https://www.acb.mizoram.gov.in
9271,https://www.ada.gov.in
9272,https://www.andamantourism.gov.in
9273,https://www.aphrdi.ap.gov.in
9274,https://www.biharcommercialtax.gov.in/bweb
9275,https://www.cciltd.in
9276,https://www.ccmc.gov.in
9277,https://www.cdscoonline.gov.in
9278,https://www.cihner.gov.in
9279,https://www.cleanmoney.gov.in
9280,https://www.cot.gujarat.gov.in
9281,https://www.dcs-dof.gujarat.gov.in
9282,https://www.deendayalinstitute.gujarat.gov.in
9283,https://www.digitalgujarat.gov.in/Citizen/CitizenService.aspx
9284,https://www.dnh.gov.in/portal/portal
9285,https://www.ebiz.gov.in
9286,https://www.ekalyan.gujarat.gov.in
9287,https://www.fcsca.gujarat.gov.in
9288,https://www.gad.gujarat.gov.in
9289,https://www.gaic.gujarat.gov.in
9290,https://www.gnfc.in
9291,https://www.goa.gov.in
9292,https://www.goa.gov.in/EFormsOnlineModule/index.action
9293,https://www.goa.gov.in/citizen/citizen-charter
9294,https://www.goaelectricity.gov.in
9295,https://www.gokdom.kar.nic.in
9296,https://www.gst.gov.in
9297,https://www.gurjari.co.in
9298,https://www.gwssb.gujarat.gov.in
9299,https://www.ils.res.in
9300,https://www.indiapost.gov.in/VAS/Pages/RTI/RTI.aspx
9301,https://www.ipabindia.org
9302,https://www.irdai.gov.in
9303,https://www.karnatakahousing.com
9304,https://www.kdmc.gov.in
9305,https://www.kmcgov.in
9306,https://www.kutch.gujarat.gov.in
9307,https://www.labour.gujarat.gov.in
9308,https://www.landrecords.gujarat.gov.in
9309,https://www.mahakosh.gov.in
9310,https://www.mahapariksha.gov.in
9311,https://www.maharashtra.gov.in
9312,https://www.maharashtra.gov.in/1137/Profile-Honorable-Chief-Minister
9313,https://www.maharojgar.gov.in
9314,https://www.manipurportal.mn.gov.in/portal
9315,https://www.mcfbd.com
9316,https://www.merc.gov.in
9317,https://www.mkudde.org
9318,https://www.mobile.karnataka.gov.in
9319,https://www.mumbaipolicegeneralunit.maharashtra.gov.in
9320,https://www.nagaland.gov.in
9321,https://www.nagaland.gov.in/portal/portal/StatePortal/Government/ChiefMinister
9322,https://www.nagaland.gov.in/portal/portal/StatePortal/default/Login?from=/portal/portal/StatePortal/default/Services
9323,https://www.nagapattinam.nic.in
9324,https://www.narl.gov.in
9325,https://www.navsari.gujarat.gov.in
9326,https://www.ncode.in
9327,https://www.nmdc.co.in
9328,https://www.nmmc.gov.in
9329,https://www.nrhm.maharashtra.gov.in
9330,https://www.nri.gujarat.gov.in
9331,https://www.odishatreasury.gov.in
9332,https://www.ourvmc.org
9333,https://www.pawanhans.co.in
9334,https://www.pextax.com
9335,https://www.pppinindia.gov.in
9336,https://www.psc.ap.gov.in
9337,https://www.pscwbonline.gov.in
9338,https://www.pwddelhi.gov.in
9339,https://www.py.gov.in
9340,https://www.py.gov.in/government/chiefminister.html
9341,https://www.py.gov.in/government/governor.html
9342,https://www.rajexcise.gov.in
9343,https://www.rbi.org.in
9344,https://www.revenueinspection.gujarat.gov.in
9345,https://www.revenuetribunal.gujarat.gov.in
9346,https://www.sag-rrs.nic.in
9347,https://www.sikkim.gov.in/portal
9348,https://www.sldcguj.com
9349,https://www.stampsregistration.gujarat.gov.in
9350,https://www.streenidhi.telangana.gov.in
9351,https://www.studyinindia.gov.in
9352,https://www.tdscpc.gov.in
9353,https://www.teaauction.gov.in
9354,https://www.tgct.gov.in
9355,https://www.tgct.gov.in/tgportal/index.aspx
9356,https://www.tin-nsdl.com
9357,https://www.tnebnet.org/awp/login
9358,https://www.tnei.tn.gov.in
9359,https://www.tssouthernpower.com
9360,https://www.uday.gov.in
9361,https://www.ulbodisha.gov.in
9362,https://www.upkisankarjrahat.upsdc.gov.in
9363,https://www.utiitsl.com
9364,https://www.vtpckarnataka.gov.in
9365,https://www.webel-india.com
9366,https://www.westbengalhandloom.org
9367,https://yanam.gov.in
9368,https://yas.gov.in/youth
9369,https://yoga.ayush.gov.in
9370,https://zeda.mizoram.gov.in
9371,https://zidco.mizoram.gov.in
9372,https://zpbuldhana.maharashtra.gov.in
9373,https://zpnashik.maharashtra.gov.in
